Datetime,Close,High,Low,Open,Volume,Returns,Log_Close,Zscore_Close,MinMax_Close,MA_5,MA_10,EMA_5,EMA_10,Smooth_Close,Volatility
2025-12-01 14:30:00+00:00,3716.798095703125,3727.47265625,3709.559326171875,3724.851318359375,0,,8.220617849667521,-1.2757122349226735,0.32806761240289006,,,3716.798095703125,3716.798095703125,3717.7758440290177,
2025-12-01 15:30:00+00:00,3723.897705078125,3727.46630859375,3711.521240234375,3716.637939453125,0,0.0019101412538946594,8.222526168921426,-1.056592729621801,0.37769828374817394,,,3719.1646321614585,3718.0889337713065,3723.8271484375005,
2025-12-01 16:30:00+00:00,3728.767578125,3731.2685546875,3723.86279296875,3723.86279296875,0,0.0013077354515496076,8.223833050031725,-0.906290914895649,0.4117417157056842,,,3722.3656141493057,3720.030505471978,3727.278180803572,
2025-12-01 17:30:00+00:00,3731.485107421875,3733.151123046875,3728.154296875,3728.940185546875,0,0.0007288009348764835,8.224561585520163,-0.8224181771547958,0.430738930380528,,,3725.4054452401624,3722.113160371959,3728.128941127235,
2025-12-01 18:30:00+00:00,3721.335205078125,3734.4619140625,3721.155029296875,3731.490234375,0,-0.0027200704415413224,8.2218378089649,-1.1356807051251696,0.35978481997788236,3724.45673828125,,3724.0486985194834,3721.9717139548984,3723.9766903831874,
2025-12-01 19:30:00+00:00,3721.605712890625,3723.624755859375,3717.78759765625,3721.36474609375,0,7.269106317830953e-05,8.221910497386212,-1.127331860150157,0.3616758373042437,3725.41826171875,,3723.2343699765306,3721.9051683068487,3721.9135858444974,
2025-12-01 20:30:00+00:00,3716.609375,3723.0068359375,3714.030029296875,3721.644775390625,0,-0.0013425220929017545,8.22056707330314,-1.281536835252714,0.32674833767971734,3723.960595703125,,3721.0260383176874,3720.9422967965124,3718.841552734378,
2025-12-02 14:30:00+00:00,3726.358154296875,3735.38037109375,3723.78564453125,3723.78564453125,0,0.0026230303788314924,8.223186669541713,-0.9806544086306666,0.3948983492852385,3723.4787109375,,3722.80341031075,3721.9269981602147,3721.7195289248543,
2025-12-02 15:30:00+00:00,3717.3583984375,3737.61572265625,3716.20849609375,3726.243896484375,0,-0.002415161261135723,8.220768587074215,-1.2584192753399532,0.33198447590830327,3720.653369140625,,3720.9884063530003,3721.0963436651755,3723.376639229914,
2025-12-02 16:30:00+00:00,3730.743408203125,3731.413818359375,3714.039306640625,3717.339111328125,0,0.0036006777746400154,8.224362797927519,-0.8453096853083051,0.4255539929820742,3722.535009765625,3723.4958740234374,3724.240073636375,3722.850355399348,3724.671200706848,
2025-12-02 17:30:00+00:00,3723.290283203125,3732.425537109375,3717.736328125,3730.67724609375,0,-0.0019977586728725516,8.22236304107309,-1.0753399555223708,0.3734520282355511,3722.871923828125,3724.1450927734377,3723.923476825292,3722.9303422727617,3725.560942150301,0.0022224405814309533
2025-12-02 18:30:00+00:00,3724.84814453125,3727.707275390625,3719.30859375,3723.25634765625,0,0.0004184098497914679,8.222781363413889,-1.0272587463296312,0.38434244480550817,3724.519677734375,3724.24013671875,3724.231699393945,3723.2790335924865,3727.572253999259,0.0021417652749729493
2025-12-02 19:30:00+00:00,3730.700439453125,3731.7587890625,3724.6982421875,3724.83447265625,0,0.0015711499354591485,8.224351280384568,-0.8466358556292457,0.4252536147786081,3725.388134765625,3724.4334228515627,3726.387946080338,3724.6283801126024,3725.905726841521,0.0021607945078525796
2025-12-02 20:30:00+00:00,3725.630859375,3732.341552734375,3724.53564453125,3730.68603515625,0,-0.001358881572080417,8.222991474695652,-1.003101348324315,0.38981410685272166,3727.042626953125,3723.847998046875,3726.135583845226,3724.8106490694017,3727.1416713169674,0.002189013429406021
2025-12-03 14:30:00+00:00,3726.635009765625,3729.65478515625,3716.33544921875,3724.42919921875,0,0.0002695249284019319,8.223260963308736,-0.9721096521309694,0.39683374066438404,3726.220947265625,3724.377978515625,3726.302059152026,3725.1423510141694,3728.6826636904793,0.001995326467968862
2025-12-03 15:30:00+00:00,3731.02294921875,3733.64892578125,3725.022216796875,3726.619384765625,0,0.0011774535047373025,8.224437724158754,-0.8366820431635493,0.42750815799893616,3727.76748046875,3725.3197021484375,3727.8756891742673,3726.2115506877294,3730.9757603236635,0.0020213467518974807
2025-12-03 16:30:00+00:00,3737.2431640625,3737.815673828125,3727.138916015625,3731.0283203125,0,0.0016671607032201496,8.226103496692222,-0.6447038190901095,0.4709913163392123,3730.246484375,3727.3830810546874,3730.998180803678,3728.2172985740513,3735.630626860122,0.0019807781976847864
2025-12-03 17:30:00+00:00,3739.083251953125,3740.417724609375,3736.06201171875,3737.300048828125,0,0.0004923650428527715,8.22659574056318,-0.5879120821075554,0.4838546715637442,3731.923046875,3728.6555908203127,3733.6932045201606,3730.1929264611554,3739.8168364025328,0.0018435150346495864
2025-12-03 18:30:00+00:00,3741.340087890625,3742.208251953125,3738.803955078125,3739.203369140625,0,0.0006035800182628837,8.227199138500287,-0.5182580000236054,0.4996313540230233,3735.064892578125,3731.053759765625,3736.242165643649,3732.219683084695,3741.5087309337828,0.0015684086940660608
2025-12-03 19:30:00+00:00,3742.8798828125,3744.553955078125,3740.809814453125,3741.419921875,0,0.0004115624042997368,8.22761061623601,-0.4707343851703522,0.5103954752119719,3738.3138671875,3732.2674072265627,3738.454738033266,3734.157901217023,3741.061267671134,0.001175515902178603
2025-12-03 20:30:00+00:00,3738.68359375,3743.007568359375,3738.041259765625,3742.727294921875,0,-0.0011211391211803923,8.22648884816823,-0.6002469731040315,0.48106081293265035,3739.84599609375,3733.80673828125,3738.5310232721777,3734.9807544048367,3739.4909900483663,0.001003051039697965
2025-12-04 14:30:00+00:00,3737.605224609375,3745.798828125,3730.56982421875,3742.1533203125,0,-0.0002884355184342713,8.226200371044271,-0.6335293271244564,0.4735223440422729,3739.918408203125,3735.0824462890623,3738.2224237179103,3735.457930805662,3737.835007440479,0.0010272503534068137
2025-12-04 15:30:00+00:00,3736.796875,3742.639404296875,3731.0810546875,3737.685302734375,0,-0.00021627474299656946,8.22598407291052,-0.658477906287152,0.46787147908958104,3739.4611328125,3735.69208984375,3737.74724081194,3735.7013752046323,3739.3611537388424,0.0009416364965597186
2025-12-04 16:30:00+00:00,3740.314697265625,3743.20263671875,3734.263916015625,3736.672607421875,0,0.0009414004515899688,8.22692503052261,-0.5499052463187796,0.49246323780396395,3739.2560546875,3737.1604736328127,3738.603059629835,3736.5401610339036,3739.4586588541697,0.0007984419579476346
2025-12-04 17:30:00+00:00,3744.243896484375,3744.314453125,3738.275146484375,3740.24462890625,0,0.001050499633526103,8.227974978767518,-0.4286360125391289,0.5199307764776577,3739.528857421875,3738.9213623046876,3740.4833385813486,3737.9408402067165,3737.6062941778305,0.0008227683167830988
2025-12-04 18:30:00+00:00,3730.76806640625,3744.515625,3726.876708984375,3744.1630859375,0,-0.003599079133380756,8.224369407366696,-0.8445486443854926,0.4257263691102011,3737.945751953125,3738.8958740234375,3737.2449145229825,3736.6366995157223,3734.969122023813,0.0014864303865026632
2025-12-04 19:30:00+00:00,3733.7841796875,3739.627197265625,3730.231689453125,3730.769775390625,0,0.0008084429874932741,8.225177523740177,-0.7514605299258303,0.44681087096025607,3737.18154296875,3738.5499755859373,3736.0913362444885,3736.1180595469546,3738.2335379464316,0.0014014147728153258
2025-12-04 20:30:00+00:00,3741.502197265625,3741.50439453125,3733.618408203125,3733.7998046875,0,0.0020670765118435686,8.227242466788883,-0.5132547210855112,0.5007645990633662,3738.122607421875,3738.7918701171875,3737.8949565848675,3737.096993677622,3743.6949869791697,0.0015544526468071903
2025-12-05 14:30:00+00:00,3760.525146484375,3762.99560546875,3743.385986328125,3743.385986328125,0,0.0050843079105105105,8.232313893249652,0.07386197815910288,0.6337468084815896,3742.164697265625,3740.7103759765623,3745.438353218037,3741.356657824304,3749.9927920386936,0.002226999919704354
2025-12-05 15:30:00+00:00,3750.442138671875,3763.134033203125,3749.530517578125,3760.455078125,0,-0.002681276529137522,8.229629015660201,-0.2373359437434429,0.5632603323275234,3743.404345703125,3741.4666015625,3747.1062817026495,3743.008563432953,3753.0863676525328,0.0024467092992555292
2025-12-05 16:30:00+00:00,3746.959716796875,3753.415283203125,3746.15771484375,3750.454345703125,0,-0.000928536355511711,8.228700047947767,-0.34481602020876767,0.538916044292133,3746.64267578125,3742.2942138671874,3747.0574267340585,3743.726954953666,3752.283017113098,0.002435848019143499
2025-12-05 17:30:00+00:00,3753.094482421875,3753.86572265625,3743.027587890625,3746.92578125,0,0.001637264899726265,8.230335973990494,-0.15547506665992578,0.5818018596141528,3750.504736328125,3743.8431396484375,3749.0697786299975,3745.430141766067,3749.1977539062527,0.0024667751668060876
2025-12-05 18:30:00+00:00,3749.7060546875,3754.99072265625,3748.48876953125,3753.1025390625,0,-0.000902835713368022,8.229432730475493,-0.2600541455481929,0.5581146488988438,3752.1455078125,3745.1340576171874,3749.2818706491653,3746.2075804790547,3750.9671340215805,0.002495724399624122
2025-12-05 19:30:00+00:00,3749.841796875,3751.827880859375,3747.98876953125,3749.649169921875,0,3.6200754277793123e-05,8.229468930574539,-0.2558646529434032,0.5590635709506984,3750.008837890625,3746.086767578125,3749.468512724444,3746.8683470964993,3750.1931384858663,0.002488203799468491
2025-12-05 20:30:00+00:00,3749.15234375,3749.8525390625,3742.890869140625,3749.8525390625,0,-0.00018386192334152174,8.229285051746523,-0.27714365854758694,0.5542438661405527,3749.75087890625,3746.5776123046876,3749.363123066296,3747.2836192153172,3747.0158110119078,0.0024750597261899727
2025-12-08 14:30:00+00:00,3741.35107421875,3753.386962890625,3738.233154296875,3746.56494140625,0,-0.0020808088911764555,8.227202074964692,-0.5179189223847286,0.49970815526822676,3748.629150390625,3747.6359130859373,3746.692440117114,3746.2049746704865,3742.707507905509,0.0022576528460255202
2025-12-08 15:30:00+00:00,3738.7021484375,3743.73583984375,3732.577880859375,3741.35791015625,0,-0.0007080131558632186,8.226493811049146,-0.5996743086472618,0.48119052170232735,3745.75068359375,3748.1277099609374,3744.0290095572427,3744.840824446307,3737.7791224888424,0.0022695299992543903
2025-12-08 16:30:00+00:00,3731.463623046875,3738.9423828125,3729.65478515625,3738.6708984375,0,-0.0019361064624123792,8.224555827909928,-0.8230812623152661,0.4305887412787932,3742.102197265625,3747.1238525390627,3739.8405473871203,3742.4086060100467,3733.1368466331874,0.0022435715581634423
2025-12-08 17:30:00+00:00,3732.115478515625,3740.857421875,3731.279052734375,3731.476806640625,0,0.000174691631649182,8.224730504284771,-0.8029626557419054,0.4351456151609092,3738.55693359375,3744.2828857421873,3737.2655244299553,3740.537128283788,3730.7347121465805,0.0012674077656192639
2025-12-08 18:30:00+00:00,3729.28076171875,3733.2041015625,3725.441162109375,3732.0234375,0,-0.0007595469146636225,8.223970668768203,-0.8904522216307785,0.41532918720389134,3734.5826171875,3742.166748046875,3734.603936859554,3738.490516181054,3730.0256928943486,0.0010742452223465547
2025-12-08 19:30:00+00:00,3731.43408203125,3732.5078125,3728.97900390625,3729.216064453125,0,0.0005774090099635032,8.224547911141725,-0.8239930044109128,0.43038223126391273,3732.59921875,3740.6141845703123,3733.5473185834526,3737.207528153817,3732.224086216521,0.0011221331464026183
2025-12-08 20:30:00+00:00,3735.776123046875,3735.776123046875,3728.48486328125,3731.407958984375,0,0.0011636386762221562,8.225710873315215,-0.6899819864681337,0.4607357900629445,3732.014013671875,3738.8823486328124,3734.2902534045934,3736.947272679827,3735.6701892671163,0.0010323079862347565
2025-12-09 14:30:00+00:00,3740.01904296875,3743.513427734375,3731.234375,3732.861328125,0,0.0011357532630769107,8.226845982098489,-0.5590302023338881,0.49039643096080354,3733.72509765625,3737.9136474609377,3736.199849925979,3737.505776368722,3739.942138671878,0.0011320345569837914
2025-12-09 15:30:00+00:00,3743.5751953125,3745.961669921875,3736.63037109375,3739.6640625,0,0.0009508380312757136,8.227796368369628,-0.4492745381587675,0.5152561406862297,3736.017041015625,3737.2869873046875,3738.658298388153,3738.6093070857723,3742.303548177086,0.001193720473448373
2025-12-09 16:30:00+00:00,3742.207275390625,3746.04443359375,3740.383544921875,3743.30615234375,0,-0.0003654046868319938,8.227430896906236,-0.49149347172825814,0.5056935323111382,3738.60234375,3736.59248046875,3739.8412907223105,3739.2634831412,3742.2149483816993,0.001195391448021745
2025-12-09 17:30:00+00:00,3739.909423828125,3743.3037109375,3736.885986328125,3742.2373046875,0,-0.0006140364211280058,8.226816671887537,-0.562413443664015,0.48963012520309945,3740.297412109375,3736.4483154296877,3739.864001757582,3739.380926902459,3740.3286597842293,0.0010129586100671127
2025-12-09 18:30:00+00:00,3737.09912109375,3740.43310546875,3735.518310546875,3739.973388671875,0,-0.0007514360418650057,8.226064953376095,-0.6491495036887174,0.4699843666798671,3740.56201171875,3736.2880126953123,3738.9423748696386,3738.966053119057,3736.9755394345266,0.0010162373063476958
2025-12-09 19:30:00+00:00,3734.823486328125,3737.74560546875,3734.61767578125,3737.0849609375,0,-0.0006089308021776096,8.22545583710026,-0.7193837852880788,0.45407626875657314,3739.522900390625,3736.6239990234376,3737.5694120224675,3738.212859157069,3734.049467540926,0.0008064594010877568
2025-12-09 20:30:00+00:00,3731.730224609375,3735.833251953125,3730.444091796875,3734.821044921875,0,-0.0008282216629710293,8.224627272272237,-0.8148529782785209,0.43245245149574885,3737.15390625,3736.5854736328124,3735.6230162181037,3737.0341983302155,3733.6651436941993,0.0008556584609137525
2025-12-10 14:30:00+00:00,3733.133544921875,3735.365478515625,3724.1875,3729.782958984375,0,0.00037605084720371273,8.225003252430042,-0.7715414612059824,0.44226253054982934,3735.33916015625,3736.970751953125,3734.7931924526943,3736.324988619608,3734.2433035714316,0.0008197292834594222
2025-12-10 15:30:00+00:00,3738.2080078125,3738.43115234375,3725.830078125,3733.1044921875,0,0.0013593038742285568,8.226361633287105,-0.6149252673380791,0.47773617236247645,3734.998876953125,3737.64814453125,3735.9314642392965,3736.6673557455883,3734.2567661830385,0.0009030085088180362
2025-12-10 16:30:00+00:00,3734.494140625,3738.40087890625,3733.39794921875,3738.15869140625,0,-0.0009934886394065146,8.225367650810751,-0.7295485793957431,0.45177393809478517,3734.477880859375,3737.5199462890623,3735.4523563678645,3736.272225723663,3733.2115420386936,0.0009000372662711896
2025-12-10 17:30:00+00:00,3733.104736328125,3739.224609375,3732.39013671875,3734.387451171875,0,-0.0003720461847189771,8.22499553539968,-0.772430598125704,0.4420611406179624,3734.134130859375,3736.828515625,3734.669816354618,3735.6963185608374,3737.876639229914,0.0008034190362874043
2025-12-10 18:30:00+00:00,3739.343994140625,3748.0498046875,3730.8037109375,3733.14013671875,0,0.0016713321091110789,8.22666547238754,-0.5798646394782111,0.48567742111658774,3735.656884765625,3736.4053955078125,3736.2278756166206,3736.3595323026166,3744.9847237723243,0.0009376620030899415
2025-12-10 19:30:00+00:00,3762.9326171875,3766.089111328125,3737.23828125,3739.746337890625,0,0.006308224941015572,8.23295388375958,0.14816519142498674,0.650576521347336,3741.61669921875,3738.4779296875,3745.1294561402474,3741.191002281686,3753.807140531997,0.002226691894262144
2025-12-10 20:30:00+00:00,3758.253662109375,3767.22314453125,3758.22998046875,3762.9228515625,0,-0.0012434331289253864,8.231709676926247,0.0037557925566504315,0.6178677243620392,3745.625830078125,3740.312353515625,3749.50419146329,3744.2933040685384,3756.1102004278305,0.002271834887823683
2025-12-11 14:30:00+00:00,3754.39013671875,3756.6728515625,3733.258544921875,3755.293701171875,0,-0.0010280108098016383,8.230681137350919,-0.11548651044838072,0.590859286465232,3749.605029296875,3742.041455078125,3751.1328398817773,3746.129091823122,3755.4923386346754,0.002290259758155846
2025-12-11 15:30:00+00:00,3744.830322265625,3755.0869140625,3742.4580078125,3754.312744140625,0,-0.0025463028894168183,8.228131587118648,-0.410536801681746,0.524030256277225,3751.950146484375,3743.042138671875,3749.032000676393,3745.892951903577,3752.333554222473,0.0024662907866412
2025-12-11 16:30:00+00:00,3759.855712890625,3762.50830078125,3744.840576171875,3744.840576171875,0,0.004012302115709687,8.232135861416413,0.05320084736353918,0.629067052607148,3756.052490234375,3745.8546875,3752.639904747804,3748.4316357194034,3755.9936755952413,0.0026914613897925975
2025-12-11 17:30:00+00:00,3761.786376953125,3764.4208984375,3758.215087890625,3759.883544921875,0,0.0005134941896522971,8.23264922381304,0.11278809110216707,0.6425635914310313,3755.8232421875,3748.719970703125,3755.6887288162443,3750.859770489171,3760.9761323474736,0.0026896649943867978
2025-12-11 18:30:00+00:00,3767.268798828125,3767.673828125,3760.388916015625,3761.908935546875,0,0.001457398513798891,8.23410556135234,0.28199536796036484,0.6808891194822593,3757.62626953125,3751.6260498046877,3759.548752153538,3753.843230187162,3769.112792968753,0.0026922382434248107
2025-12-11 19:30:00+00:00,3765.646240234375,3769.986083984375,3765.646240234375,3767.270751953125,0,-0.00043069891754332623,8.233674769657378,0.2319173682275726,0.6695464289127706,3759.877490234375,3754.741259765625,3761.5812481804837,3755.989232013928,3767.1268484933066,0.002656741703501908
2025-12-11 20:30:00+00:00,3768.701171875,3769.394775390625,3763.822265625,3765.624755859375,0,0.0008112635775459065,8.234485704338498,0.32620355701126647,0.6909022951625481,3764.65166015625,3758.3009033203125,3763.954556078656,3758.3004938068498,3757.930129278277,0.0026231851041661285
2025-12-12 14:30:00+00:00,3740.059326171875,3769.616943359375,3740.013671875,3769.616943359375,0,-0.007599924853918583,8.226856752895568,-0.5577869176580063,0.49067803552654965,3760.6923828125,3758.3724365234375,3755.9894794430625,3754.9839178732177,3743.42459542411,0.0037411018563905294
2025-12-12 15:30:00+00:00,3725.752685546875,3749.3916015625,3717.971435546875,3740.080810546875,0,-0.0038252443015772686,8.223024173635695,-0.9993413540621027,0.3906657473273185,3753.48564453125,3754.654443359375,3745.9105481443335,3749.6691483593368,3734.4248511904793,0.00318063715021901
2025-12-12 16:30:00+00:00,3727.05029296875,3735.219482421875,3714.7861328125,3725.83251953125,0,0.0003482806110315373,8.223372393611113,-0.959292517381424,0.3997368277331006,3745.441943359375,3751.5341064453123,3739.623796419139,3745.556629197412,3728.0974353608663,0.0032061546738970355
2025-12-12 17:30:00+00:00,3739.386962890625,3742.51025390625,3724.940185546875,3727.158203125,0,0.0033100358063717916,8.226676963307657,-0.5785384691572705,0.4859777993200538,3740.190087890625,3750.0337890625,3739.5448519096344,3744.434871687087,3729.373244512652,0.0034596528200066872
2025-12-12 18:30:00+00:00,3726.48828125,3739.733642578125,3725.7392578125,3739.675048828125,0,-0.00344941076401839,8.223221589609974,-0.976638222374636,0.3958080173673224,3731.747509765625,3748.1995849609375,3735.1926616897563,3741.1718552439797,3731.497570219497,0.0035330604987976757
2025-12-12 19:30:00+00:00,3726.192138671875,3731.717529296875,3725.136962890625,3726.57177734375,0,-7.946961207827563e-05,8.22314211684002,-0.985778248507028,0.3937377971354863,3728.974072265625,3744.8332275390626,3732.1924873504627,3738.4482704126876,3726.5121256510447,0.0031728898185119036
2025-12-12 20:30:00+00:00,3727.908935546875,3728.353271484375,3719.140625,3726.094482421875,0,0.0004607376139256214,8.223602748346961,-0.9327917161385365,0.40573927171939417,3729.405322265625,3741.4454833984373,3730.764636749267,3736.5320277098126,3723.851736886164,0.00317033154368587
2025-12-15 14:30:00+00:00,3715.407958984375,3745.559326171875,3712.95556640625,3738.248291015625,0,-0.0033533481580784175,8.220243765115846,-1.3186168588285596,0.31834969484305375,3727.07685546875,3736.2593994140625,3725.64574416097,3732.691287941551,3724.6570638020867,0.003137747516485769
2025-12-15 15:30:00+00:00,3731.62890625,3732.891357421875,3714.956298828125,3715.441162109375,0,0.004365858997098959,8.224600121398854,-0.8179800276148297,0.43174417334553183,3725.525244140625,3732.857666015625,3727.64013152398,3732.498127633996,3722.4176664806578,0.003627512524898539
2025-12-15 16:30:00+00:00,3719.8271484375,3732.044677734375,3717.515625,3731.9287109375,0,-0.003162629004382911,8.221432480713847,-1.1822247623550006,0.3492425690528549,3724.193017578125,3727.970263671875,3725.035803828487,3730.194313234633,3720.7147507440504,0.0036367352658176755
2025-12-15 17:30:00+00:00,3716.182861328125,3723.77685546875,3713.75244140625,3719.67333984375,0,-0.0009796925942932022,8.220452307907099,-1.294700582699778,0.3237667426714559,3722.191162109375,3725.5826171875,3722.0848229950334,3727.6467765243583,3721.2936430431578,0.0028875917781769978
2025-12-15 18:30:00+00:00,3720.966552734375,3724.562744140625,3714.89013671875,3716.133056640625,0,0.0012872594231114753,8.221738739522126,-1.1470586436741488,0.3572077115276997,3720.802685546875,3725.10400390625,3721.712066241481,3726.432190380725,3720.291992187503,0.002707244312288766
2025-12-15 19:30:00+00:00,3721.978271484375,3725.632080078125,3719.018310546875,3720.921630859375,0,0.0002718967600654487,8.222010599324966,-1.1158333606629103,0.3642802528638356,3722.116748046875,3724.5968017578125,3721.8008013224457,3725.6223869450246,3720.0230422247055,0.0027058672593415936
2025-12-15 20:30:00+00:00,3720.440673828125,3724.13720703125,3719.131103515625,3721.826171875,0,-0.0004131130125154536,8.221597400957762,-1.163289159988388,0.3535314919239241,3719.8791015625,3722.7021728515624,3721.3474254910057,3724.680257287406,3715.505429222473,0.0024206097682099885
2025-12-16 14:30:00+00:00,3703.5732421875,3721.764892578125,3696.93701171875,3712.73974609375,0,-0.004533718749846205,8.217053373736123,-1.6838788264853612,0.2356176868147628,3716.6283203125,3720.4106689453124,3715.4226977231706,3720.842618178332,3709.4249209449436,0.0025857987849246403
2025-12-16 15:30:00+00:00,3700.710693359375,3712.887939453125,3699.446044921875,3703.50146484375,0,-0.0007729154092370738,8.216280159473769,-1.772227389059389,0.21560669570322943,3713.53388671875,3717.8625244140626,3710.518696268572,3717.182268211249,3701.464332217265,0.002579172290678735
2025-12-16 16:30:00+00:00,3701.722900390625,3709.369140625,3698.298583984375,3700.86669921875,0,0.00027351693096844265,8.2165536390058,-1.740987035930867,0.22268265042804103,3709.68515625,3715.2439208984374,3707.5867643092565,3714.3714740620444,3695.7320382254493,0.0025706130629041253
2025-12-16 17:30:00+00:00,3691.583984375,3705.949462890625,3689.6533203125,3701.55029296875,0,-0.0027389721728103833,8.21381090898538,-2.053910486262364,0.1518053412706024,3703.606298828125,3712.8615234375,3702.252504331171,3710.228294118945,3697.8278227306578,0.0025067452045803447
2025-12-16 18:30:00+00:00,3699.05908203125,3707.5302734375,3691.668212890625,3691.668212890625,0,0.002024902504694115,8.215833764138324,-1.8232020607705446,0.20406090850753245,3699.32998046875,3709.604541015625,3701.1880302311974,3708.1975282848184,3700.956019810271,0.00205609777122957
2025-12-16 19:30:00+00:00,3711.235595703125,3711.235595703125,3698.923583984375,3699.1484375,0,0.003291786749507253,8.219120144818332,-1.4473910110153516,0.289182288608842,3700.862451171875,3708.7453857421874,3704.53721872184,3708.7499041790556,3707.808837890628,0.002260833769078189
2025-12-16 20:30:00+00:00,3710.0439453125,3718.408203125,3710.0439453125,3711.3125,0,-0.00032109262801982563,8.218799000629037,-1.484169632245529,0.2808519135456926,3702.7291015625,3708.131494140625,3706.37279425206,3708.985184385136,3710.3609444754493,0.002246077199660275
2025-12-17 14:30:00+00:00,3712.06689453125,3717.10595703125,3703.885009765625,3713.115966796875,0,0.000545262872507557,8.21934411489976,-1.4217341363403353,0.2949935828292922,3704.797900390625,3707.2415283203127,3708.270827678457,3709.545495320793,3705.0338309151816,0.0022047178296327845
2025-12-17 15:30:00+00:00,3688.394287109375,3712.92919921875,3681.775390625,3712.256103515625,0,-0.0063772038851860335,8.212946489783343,-2.152356027416281,0.1295073797463182,3704.1599609375,3703.8831298828127,3701.64531415543,3705.6998211005352,3695.5432826450924,0.0029205373807104987
2025-12-17 16:30:00+00:00,3685.867431640625,3690.113525390625,3680.016845703125,3688.242431640625,0,-0.0006850827953999161,8.212261172211493,-2.2303438843579597,0.1118430933493535,3701.521630859375,3700.4258056640624,3696.386019983828,3702.093932107824,3686.2359328497055,0.0029167411233051977
2025-12-17 17:30:00+00:00,3681.2890625,3689.78662109375,3679.4453125,3685.810302734375,0,-0.0012421415651910905,8.211018258549032,-2.3716488390659123,0.07983745443126367,3695.53232421875,3698.1973876953125,3691.353700822552,3698.311228542765,3679.396728515628,0.002637114087244222
2025-12-17 18:30:00+00:00,3675.742431640625,3681.7080078125,3673.83349609375,3681.09326171875,0,-0.001506708863445838,8.209510413458334,-2.5428378363468793,0.04106306576917618,3688.672021484375,3695.7005615234375,3686.1499444285764,3694.207810924194,3673.328113374259,0.002652617736410938
2025-12-17 19:30:00+00:00,3675.77880859375,3680.080078125,3674.607421875,3675.691162109375,0,9.89649133509296e-06,8.209520309900698,-2.541715112609265,0.0413173632255166,3681.414404296875,3693.10615234375,3682.692899150301,3690.857083227749,3675.220424107146,0.00264345374219101
2025-12-17 20:30:00+00:00,3669.868408203125,3678.2470703125,3668.8369140625,3675.98828125,0,-0.0016079314611660012,8.207911084330329,-2.7241313472663773,0.0,3677.709228515625,3690.9345947265624,3678.418068834576,3687.040960495999,3687.463820684527,0.002569684148357102
2025-12-18 14:30:00+00:00,3711.56640625,3712.6904296875,3694.1455078125,3700.0888671875,0,0.011362259734891023,8.21920927842233,-1.437181006555837,0.2914948594366571,3682.8490234375,3692.1853271484374,3689.4675146397176,3691.500132451272,3696.7806919642885,0.004554246954538427
2025-12-18 15:30:00+00:00,3715.65966796875,3720.193603515625,3710.560791015625,3711.784912109375,0,0.0011028394135310648,8.220311510155216,-1.3108482133689585,0.3201092967054002,3689.72314453125,3692.627734375,3698.198232416062,3695.8927752726313,3706.1393112909254,0.004448351065770423
2025-12-18 16:30:00+00:00,3694.01904296875,3720.3681640625,3689.76171875,3715.540283203125,0,-0.005824167693977866,8.214470315853843,-1.978755811369967,0.16882791059652646,3693.378466796875,3691.025244140625,3696.8051692669583,3695.5520966719255,3709.6266508556578,0.004833779111565858
2025-12-18 17:30:00+00:00,3709.82373046875,3710.653076171875,3693.046142578125,3693.917236328125,0,0.004278453174214825,8.218739642469718,-1.4909662551403495,0.279312475252933,3700.187451171875,3690.800927734375,3701.1446896675557,3698.146939180439,3703.610165550598,0.005055865673687301
2025-12-18 18:30:00+00:00,3700.86181640625,3714.39697265625,3698.522705078125,3709.84375,0,-0.0024157250353691317,8.216320994862924,-1.7675631877601716,0.2166631394983689,3706.3861328125,3692.0476806640627,3701.050398580454,3698.6405532214953,3699.1629464285743,0.004643295315756993
2025-12-18 19:30:00+00:00,3703.2109375,3704.121337890625,3691.4052734375,3700.835693359375,0,0.0006347497448664363,8.21695554323938,-1.695060853509656,0.23308495241736438,3704.7150390625,3693.78203125,3701.770578220303,3699.471532181223,3703.2735537574436,0.004629431033637502
2025-12-18 20:30:00+00:00,3697.8583984375,3707.921875,3697.258544921875,3703.17529296875,0,-0.0014453778498810799,8.21550911982332,-1.8602594791704652,0.19566738575388243,3701.15478515625,3695.43896484375,3700.466518292702,3699.1782351369097,3707.0242861793186,0.004638264983611449
2025-12-19 14:30:00+00:00,3723.06591796875,3728.868408203125,3706.78564453125,3706.78564453125,0,0.006816788750456437,8.222302779321334,-1.0822646744141007,0.371883576139048,3706.96416015625,3700.1713134765623,3707.9996515180515,3703.521450197244,3716.9757719494078,0.004980559699364554
2025-12-19 15:30:00+00:00,3728.342041015625,3728.51708984375,3720.16162109375,3722.957275390625,0,0.0014171446767596851,8.223718920796252,-0.9194245221081463,0.4087669474747777,3710.667822265625,3705.42763671875,3714.7804480172426,3708.034284891495,3726.077869233634,0.004960173869501261
2025-12-19 16:30:00+00:00,3731.56201171875,3732.1279296875,3724.35791015625,3728.423828125,0,0.0008636468080722715,8.224582194876009,-0.8200446336826577,0.43127653909695596,3716.807861328125,3711.5969970703127,3720.374302584412,3712.3120534055415,3733.003441220241,0.004852277509558391
2025-12-19 17:30:00+00:00,3732.384033203125,3734.0517578125,3730.016845703125,3731.57666015625,0,0.000220288844669847,8.224802459460653,-0.7946740912360265,0.4370229789325677,3722.64248046875,3713.678759765625,3724.377546123983,3715.961504277829,3732.041759672622,0.003461706452003641
2025-12-19 18:30:00+00:00,3731.416015625,3732.835693359375,3729.264892578125,3732.482666015625,0,-0.0002593563710254765,8.224543069450947,-0.8245505987503992,0.4302559358829079,3729.35400390625,3715.25439453125,3726.723702624322,3718.77141543186,3729.719296409973,0.0034649846593300133
2025-12-19 19:30:00+00:00,3729.9736328125,3733.024169921875,3729.519287109375,3731.395751953125,0,-0.0003865510590242982,8.224156443661803,-0.8690677252056108,0.420172785734767,3730.735546875,3718.849853515625,3727.807012687048,3720.80818222834,3731.085914248515,0.0027216250078644266
2025-12-19 20:30:00+00:00,3730.247314453125,3731.64990234375,3726.054443359375,3730.127197265625,0,7.33736126758977e-05,8.224229814582767,-0.860620924468256,0.42208599008752046,3731.1166015625,3720.8922119140625,3728.620446609074,3722.5243880873913,3736.7777739025328,0.00246700960387235
2025-12-22 14:30:00+00:00,3749.348388671875,3751.63818359375,3744.49072265625,3745.466552734375,0,0.005120591909480554,8.229337340845081,-0.2710930064582953,0.555614341693861,3734.673876953125,3725.740869140625,3735.529760630008,3727.4014791027516,3744.496954055063,0.002606866883206284
2025-12-22 15:30:00+00:00,3754.5322265625,3755.934326171875,3744.0751953125,3749.225830078125,0,0.0013825970150673772,8.230718982952961,-0.1111011063189066,0.5918525825698744,3739.103515625,3730.872998046875,3741.863915940839,3732.334342277251,3751.8977748325924,0.002596190805360364
2025-12-22 16:30:00+00:00,3754.203369140625,3756.704345703125,3753.18408203125,3754.56298828125,0,-8.758945243525496e-05,8.230631389664346,-0.12125083030928745,0.5895536652967621,3743.660986328125,3736.5074951171873,3745.9770670074345,3736.310528979682,3755.9110863095266,0.0024641362187629236
2025-12-22 17:30:00+00:00,3754.689453125,3757.804443359375,3753.033935546875,3754.20849609375,0,0.00012947726496936873,8.230760858547857,-0.10624852855364655,0.5929516937234638,3748.604150390625,3739.6698486328123,3748.88119571329,3739.652151551558,3754.7676478794674,0.0016330280783252115
2025-12-22 18:30:00+00:00,3754.02294921875,3755.591552734375,3751.4677734375,3754.660888671875,0,-0.00017751239205554548,8.230583330398613,-0.12681923864550976,0.5882924181810765,3753.35927734375,3742.237939453125,3750.5951135484434,3742.2650238546835,3754.7142857142885,0.001648987887621626
2025-12-22 19:30:00+00:00,3755.1201171875,3755.751708984375,3753.816650390625,3754.054443359375,0,0.0002922645875083063,8.230875552285147,-0.09295668510967342,0.5959623025354652,3754.513623046875,3744.59375,3752.1034480947956,3744.602313551559,3754.4745279947947,0.0016521177753213022
2025-12-22 20:30:00+00:00,3756.161865234375,3756.341796875,3753.563232421875,3755.10107421875,0,0.0002774206987699035,8.23115293450991,-0.06080458988550483,0.6032447672751609,3754.83955078125,3746.971533203125,3753.456253807989,3746.7040502211617,3755.325009300598,0.0016506387370629457
2025-12-23 14:30:00+00:00,3755.024658203125,3761.9033203125,3750.83935546875,3751.491455078125,0,-0.0003027577277154858,8.230850130941821,-0.0959028930385813,0.5952949850493603,3755.00380859375,3749.3323974609375,3753.9790552730346,3748.216888036064,3757.6827566964316,0.0016533108119975738
2025-12-23 15:30:00+00:00,3761.860107421875,3762.99755859375,3755.26904296875,3755.26904296875,0,0.0018203473587896646,8.232668823476288,0.11506367881196293,0.6430790131210671,3756.437939453125,3752.521044921875,3756.6060726559817,3750.697473378939,3760.7978283110147,0.001649512814188196
2025-12-23 16:30:00+00:00,3765.223388671875,3765.535888671875,3761.11083984375,3761.833740234375,0,0.0008940474004772714,8.233562471454439,0.21886664666013414,0.666590434319577,3758.67802734375,3756.01865234375,3759.4785113279463,3753.3385488867452,3764.5296921503004,0.0016266817992989645
2025-12-23 17:30:00+00:00,3767.4755859375,3768.00390625,3763.42529296875,3765.115966796875,0,0.0005981576743629979,8.234160450303808,0.2883775626298916,0.6823346895864368,3761.14912109375,3757.8313720703127,3762.1442028644647,3755.90891925961,3767.6265927269374,0.0006962501199095751
2025-12-23 18:30:00+00:00,3769.21337890625,3769.45361328125,3767.1650390625,3767.488525390625,0,0.0004612619057802192,8.234621605861017,0.3420121100415701,0.6944829398834003,3763.759423828125,3759.2994873046873,3764.5005948783933,3758.327911922635,3768.3475399925624,0.0006208002256544104
2025-12-23 19:30:00+00:00,3768.92236328125,3769.820556640625,3768.322998046875,3769.122314453125,0,-7.720858326265567e-05,8.234544394297018,0.33303032014065403,0.6924485602326591,3766.53896484375,3760.77138671875,3765.974517679346,3760.2541758060192,3769.4815615699436,0.0006199199819387843
2025-12-23 20:30:00+00:00,3770.544677734375,3770.713134765625,3767.62939453125,3768.93701171875,0,0.00043044517683110683,8.234974746858901,0.38310078481480453,0.7037895441078099,3768.27587890625,3762.3569091796876,3767.4979043643557,3762.125176156629,3771.777297247027,0.0006130506334982537
2025-12-24 14:30:00+00:00,3775.58349609375,3775.993408203125,3768.402099609375,3769.4013671875,0,0.0013363635204033386,8.2363102182403,0.5386168601210186,0.7390140085471266,3770.347900390625,3764.5129638671874,3770.1931016074873,3764.5721434179236,3775.5402018229197,0.0006351739221006494
2025-12-24 15:30:00+00:00,3780.311279296875,3780.43896484375,3775.056640625,3775.61865234375,0,0.0012521993509126972,8.237561634243477,0.6845332707176965,0.7720641443999945,3772.9150390625,3767.032080078125,3773.56582750395,3767.4338044868236,3779.9708891369078,0.00066007570706141
2025-12-24 16:30:00+00:00,3783.57373046875,3783.974365234375,3780.208740234375,3780.327880859375,0,0.0008630112524705691,8.23842427331585,0.7852242593468424,0.7948707008369631,3775.787109375,3769.7732666015627,3776.9017951588835,3770.3683364835374,3782.6810012090805,0.000647326246386078
2025-12-26 14:30:00+00:00,3783.46875,3788.241455078125,3778.15234375,3783.391845703125,0,-2.7746378484572176e-05,8.238396526552428,0.7819841841309079,0.7941368222716818,3778.69638671875,3772.61767578125,3779.0907801059225,3772.7502298501668,3783.121244884676,0.0006030143448406304
2025-12-26 15:30:00+00:00,3780.964599609375,3784.706787109375,3778.974853515625,3783.45263671875,0,-0.000661866280942558,8.237734441141304,0.7046970876429075,0.7766312584481376,3780.78037109375,3774.528125,3779.7153866070735,3774.243751624568,3781.5227515811043,0.000626230302157229
2025-12-26 16:30:00+00:00,3779.97509765625,3781.414306640625,3776.569091796875,3780.93603515625,0,-0.00026170621994903165,8.237472700670306,0.6741574949680644,0.7697140262967466,3781.65869140625,3776.0032958984375,3779.801956956799,3775.2858145394193,3779.6717006138424,0.0006529163519686554
2025-12-26 17:30:00+00:00,3777.82861328125,3780.406005859375,3776.1201171875,3780.005859375,0,-0.000567856750255058,8.236904682628344,0.6079092593901666,0.7547087696781887,3781.162158203125,3777.0385986328124,3779.144175731616,3775.748141583388,3778.9915132068486,0.0007132016869751872
2025-12-26 18:30:00+00:00,3779.510986328125,3781.701171875,3777.760986328125,3777.800048828125,0,0.00044532804928221204,8.237349911548518,0.6598333484901773,0.7664696003604554,3780.349609375,3778.068359375,3779.2664459304524,3776.43229517334,3780.4764578683066,0.0007127562062721607
2025-12-26 19:30:00+00:00,3780.635498046875,3780.953125,3779.526611328125,3779.526611328125,0,0.0002975283635415771,8.237647395659273,0.694539828593885,0.7743306344806875,3779.782958984375,3779.2396728515623,3779.722796635927,3777.196513877619,3779.7510230654793,0.0007020630956535906
2025-12-26 20:30:00+00:00,3780.37890625,3782.109375,3779.7080078125,3780.640380859375,0,-6.787001735752973e-05,8.237579523338642,0.6866204819614498,0.7725368987315875,3779.6658203125,3780.223095703125,3779.9414998406182,3777.7751306725972,3776.7757510230686,0.0007102463036238799
2025-12-29 14:30:00+00:00,3768.244384765625,3775.68798828125,3762.439208984375,3767.941162109375,0,-0.0032098691124091694,8.234364491545728,0.31210546229263053,0.6877090700563926,3777.319677734375,3779.4891845703123,3776.0424614822873,3776.0422677804204,3770.103957403277,0.0012184404013861865
2025-12-29 15:30:00+00:00,3763.642578125,3770.00439453125,3762.17041015625,3768.239501953125,0,-0.0012212070584459722,8.233142538206305,0.17007714195507398,0.6555395884818616,3774.482470703125,3777.822314453125,3771.9091670298585,3773.787778752162,3764.3026297433066,0.0011408491456027067
2025-12-29 16:30:00+00:00,3758.72216796875,3765.314697265625,3758.26953125,3763.6875,0,-0.001307353196833394,8.231834329677719,0.018215570090088333,0.6211428707964153,3770.32470703125,3775.337158203125,3767.5135006761557,3771.0485767915416,3760.9187476748543,0.001069367768642544
2025-12-29 17:30:00+00:00,3764.353759765625,3765.183349609375,3758.547607421875,3758.740234375,0,0.0014982729622494695,8.233331481348895,0.19202676777836977,0.6605111890880799,3767.068359375,3773.4256591796875,3766.460253705979,3769.831337332284,3762.9210495721754,0.0012610465665198701
2025-12-29 18:30:00+00:00,3764.9345703125,3767.127685546875,3762.1513671875,3764.386474609375,0,0.00015429223286145266,8.233485761679933,0.2099526722869934,0.6645714149178765,3763.9794921875,3771.82265625,3765.9516925748194,3768.9410160559596,3765.7302478608663,0.0012761343947537938
2025-12-29 19:30:00+00:00,3769.25927734375,3771.029052734375,3764.89453125,3764.89453125,0,0.0011486805283023038,8.234633782979538,0.3434287010662112,0.6948037984189206,3764.182470703125,3770.75107421875,3767.05422083113,3768.9988817446488,3766.5845889136936,0.0013705173784293197
2025-12-29 20:30:00+00:00,3766.645751953125,3770.10595703125,3765.416015625,3769.2646484375,0,-0.0006933790430215803,8.23394016343809,0.2627658983067257,0.6765336355320137,3764.78310546875,3769.6327880859376,3766.9180645384617,3768.5710399643717,3766.717773437503,0.0013739865603321763
2025-12-30 14:30:00+00:00,3762.351806640625,3771.06005859375,3761.804443359375,3764.320556640625,0,-0.0011399918110890361,8.232799521342077,0.1302392869163631,0.6465162955175394,3765.509033203125,3767.9168701171875,3765.3959785725165,3767.440270269145,3766.231898716521,0.0013704575555796648
2025-12-30 15:30:00+00:00,3769.346435546875,3770.8017578125,3760.45361328125,3762.454833984375,0,0.0018591108077410379,8.234656906142215,0.34611871700130104,0.6954130882975385,3766.507568359375,3766.7879638671875,3766.7127975639696,3767.7868457741865,3765.4766090029793,0.0015436427998801114
2025-12-30 16:30:00+00:00,3764.62451171875,3769.586181640625,3762.572509765625,3769.43212890625,0,-0.0012527168592397775,8.233403403977299,0.2003831478120241,0.6624039131087791,3766.445556640625,3765.2125244140625,3766.0167022822297,3767.211875945925,3766.2867838541697,0.0015692814612395197
2025-12-30 17:30:00+00:00,3766.6640625,3766.691650390625,3763.940185546875,3764.620361328125,0,0.0005417673860703687,8.233945024660402,0.2633310277048538,0.6766616376073529,3765.926513671875,3765.0544921875,3766.232489021487,3767.112273501211,3767.2262137276816,0.0012414622481548962
2025-12-30 18:30:00+00:00,3766.842529296875,3767.371337890625,3765.180908203125,3766.659423828125,0,4.738059829967334e-05,8.233992404136277,0.26883915557194243,0.6779092311683357,3765.965869140625,3765.3744873046876,3766.4358357799497,3767.063229100422,3766.382696242563,0.0011702653062684908
2025-12-30 19:30:00+00:00,3765.351806640625,3767.348388671875,3763.281005859375,3766.812255859375,0,-0.00039574859969748744,8.233596577207436,0.2228300875056726,0.6674881555412959,3766.565869140625,3766.037451171875,3766.074492733508,3766.752061380459,3764.5589425223243,0.001081868340656181
2025-12-30 20:30:00+00:00,3761.545654296875,3766.90625,3761.13720703125,3765.32861328125,0,-0.0010108357835348913,8.232585230184862,0.10535852328144286,0.6408807908138918,3765.005712890625,3765.756640625,3764.5648799212972,3765.805441910716,3759.9541945684555,0.0010310949277331232
2025-12-31 14:30:00+00:00,3752.886962890625,3763.127685546875,3750.07080078125,3761.81591796875,0,-0.0023018971991896064,8.23028067954757,-0.1618798665053777,0.5803511694269616,3762.658203125,3764.5518798828125,3760.6722409110735,3763.4566275434267,3754.9193870907766,0.0012416756167231346
2025-12-31 15:30:00+00:00,3750.72900390625,3753.388671875,3746.1630859375,3753.0126953125,0,-0.0005750130514756702,8.22970550111269,-0.22848224983943585,0.565265698174521,3759.47119140625,3762.6988525390625,3757.3578285761323,3761.142514154849,3751.557454427086,0.0011297757535726738
2025-12-31 16:30:00+00:00,3750.30029296875,3752.1240234375,3748.44873046875,3750.78125,0,-0.00011430069649220886,8.229591193883374,-0.24171381281427531,0.5622687429172188,3756.162744140625,3761.064306640625,3755.005316707005,3759.1712012119215,3751.402355375747,0.0011331501146229698
2025-12-31 17:30:00+00:00,3751.910400390625,3752.026611328125,3748.52880859375,3750.323486328125,0,0.00042932759941738396,8.230020429348068,-0.1920201010722102,0.5735243920754769,3753.474462890625,3760.020166015625,3753.9736779348787,3757.851055608049,3750.616117931551,0.0011332157338835914
2025-12-31 18:30:00+00:00,3750.59228515625,3756.316650390625,3750.499267578125,3751.91552734375,0,-0.0003513184201408004,8.229669049201153,-0.2327018826787924,0.564309949345315,3751.2837890625,3758.1447509765626,3752.8465470086694,3756.5312791622673,3746.22488839286,0.0008505071525756537
2025-12-31 19:30:00+00:00,3737.917724609375,3750.83154296875,3737.34375,3750.5693359375,0,-0.0033793490689556505,8.226283977235385,-0.62388445206307,0.47570691279474886,3748.28994140625,3755.474072265625,3747.8702728755716,3753.146996516287,3740.8834286644374,0.0012377916371051879
2025-12-31 20:30:00+00:00,3732.97802734375,3742.748046875,3732.4560546875,3737.77197265625,0,-0.0013215104316244286,8.224961592838795,-0.7763412935607505,0.4411753662566049,3744.73974609375,3752.10546875,3742.9061910316314,3749.479911212189,3735.613699776789,0.0011664416177991463
2026-01-02 14:30:00+00:00,3735.384521484375,3759.104736328125,3731.536865234375,3743.528076171875,0,0.0006446579977159583,8.225606043133805,-0.7020682205294335,0.4579982523449999,3741.756591796875,3748.95966796875,3740.398967849213,3746.917113079859,3734.281749906997,0.001233551561612799
2026-01-02 15:30:00+00:00,3734.7890625,3746.5771484375,3726.763427734375,3735.14501953125,0,-0.0001594103581439299,8.22544662006848,-0.7204462285565597,0.453835624854932,3738.33232421875,3745.9033935546877,3738.5289993994757,3744.71201297443,3733.9428245907766,0.001245166988657364
2026-01-02 16:30:00+00:00,3737.547607421875,3738.0224609375,3726.278564453125,3734.523193359375,0,0.0007386079576949811,8.226184955389556,-0.6353076009638995,0.4731195641785355,3735.723388671875,3743.5035888671873,3738.2018687402756,3743.409393783056,3734.555059523813,0.0013341512742970263
2026-01-02 17:30:00+00:00,3729.79443359375,3739.595458984375,3728.07958984375,3737.732421875,0,-0.0020744013568493314,8.224108399482095,-0.8745984582486246,0.41892007209077065,3734.09873046875,3741.1943359375,3735.3993903581004,3740.9339464759096,3735.92746698289,0.001304250337532713
2026-01-02 18:30:00+00:00,3740.3994140625,3740.6923828125,3723.944580078125,3729.799560546875,0,0.0028433150023583487,8.226947679910253,-0.5472905809701069,0.4930554607392068,3735.5830078125,3740.161376953125,3737.066064926234,3740.83675876438,3735.3455636160743,0.0017032047176039592
2026-01-02 19:30:00+00:00,3743.036865234375,3745.82470703125,3740.527099609375,3740.527099609375,0,0.0007051255440686521,8.227652556970106,-0.4658893424637339,0.5114928796712235,3737.1134765625,3739.4350341796876,3739.0563316956145,3741.2367781225607,3742.115280877979,0.0017312459202049515
2026-01-02 20:30:00+00:00,3742.237548828125,3743.42919921875,3736.4248046875,3742.878173828125,0,-0.00021354756445868261,8.22743898660112,-0.4905591244566863,0.5059051624090358,3738.603173828125,3738.4677490234376,3740.1167374064516,3741.418736432663,3753.914585658485,0.0017174710811776782
2026-01-05 14:30:00+00:00,3773.652099609375,3773.674072265625,3757.41796875,3757.41796875,0,0.008394590234146682,8.235798538216004,0.4790070112064656,0.7255123496402298,3745.824072265625,3740.77373046875,3751.295191474093,3747.279347919338,3763.5629417782766,0.0032272381299320112
2026-01-05 15:30:00+00:00,3773.95166015625,3775.049560546875,3770.725341796875,3773.541015625,0,7.938213141223116e-05,8.235877917196822,0.4882525281598415,0.7276064635927995,3754.655517578125,3744.3771240234373,3758.847347701479,3752.1288592351398,3772.15994698661,0.0029221748097753076
2026-01-05 16:30:00+00:00,3773.52734375,3778.037353515625,3772.8291015625,3773.8916015625,0,-0.00011243292030727048,8.23576547795546,0.4751565962405528,0.7246402288335787,3761.281103515625,3748.4320556640623,3763.7406797176527,3756.019492783296,3776.7290271577413,0.0028410030548979446
2026-01-05 17:30:00+00:00,3773.385986328125,3775.44775390625,3769.905517578125,3773.603515625,0,-3.7460288212609605e-05,8.235728016965593,0.47079379728700377,0.7236520528119499,3767.350927734375,3752.2322021484374,3766.9557819211436,3759.177037064174,3773.5772298177117,0.0028608586813062887
2026-01-05 18:30:00+00:00,3773.088134765625,3775.391357421875,3772.665283203125,3773.423583984375,0,-7.893482500309634e-05,8.235649079025073,0.4616010257441198,0.7215698857197488,3773.521044921875,3756.062109375,3768.999899535971,3761.7063275553464,3771.0392368861635,0.002857294680617658
2026-01-05 19:30:00+00:00,3771.57666015625,3773.618896484375,3768.833740234375,3773.14306640625,0,-0.0004005935073310152,8.235248405258728,0.4149514776933048,0.7110037410739913,3773.10595703125,3759.4650146484373,3769.8588197427307,3763.5009334827832,3772.669445219497,0.002892449999708119
2026-01-05 20:30:00+00:00,3768.77685546875,3772.402099609375,3767.072509765625,3771.529541015625,0,-0.0007423433062033746,8.234505786279295,0.32853942519019597,0.6914313704072867,3772.07099609375,3763.3632568359376,3769.4981649847373,3764.460192025686,3773.781284877235,0.00276769476315356
2026-01-06 14:30:00+00:00,3784.2890625,3785.177978515625,3769.3447265625,3773.54638671875,0,0.004115979169406314,8.238613317978247,0.8073019811670471,0.799871315246925,3774.22333984375,3767.7522216796874,3774.428464156492,3768.065441202834,3776.49295479911,0.002886356812990409
2026-01-06 15:30:00+00:00,3776.0693359375,3784.202392578125,3772.833251953125,3784.07470703125,0,-0.002172066252536742,8.23643888936839,0.5536116268180178,0.7424103302794904,3774.760009765625,3771.05546875,3774.975421416828,3769.5206947909546,3779.9577869233663,0.0030751801238020245
2026-01-06 16:30:00+00:00,3783.962890625,3784.48828125,3774.3662109375,3776.880615234375,0,0.0020904157167813686,8.238527123206397,0.797235142821725,0.7975911716115291,3776.9349609375,3775.2280029296876,3777.971244486219,3772.1465485789627,3784.2849353608663,0.0030701795288857396
2026-01-06 17:30:00+00:00,3786.595458984375,3788.142578125,3784.393798828125,3784.606689453125,0,0.0006957172772221742,8.239222598584544,0.8784856801552638,0.8159944566567923,3779.938720703125,3776.5223388671875,3780.8459826522712,3774.7736231981285,3786.6749906994078,0.0017019397204801857
2026-01-06 18:30:00+00:00,3792.923583984375,3793.6865234375,3786.74609375,3786.74609375,0,0.0016711911976192706,8.240892394896019,1.0737944001483386,0.860231973894404,3784.76806640625,3778.41953125,3784.871849762973,3778.073616068355,3792.1234072730686,0.0017482741174297905
2026-01-06 19:30:00+00:00,3793.914794921875,3794.776611328125,3792.493896484375,3792.966796875,0,0.00026133163918329316,8.241153692394036,1.1043867382336736,0.86716115290616,3786.693212890625,3780.4582763671874,3787.8861648159404,3780.9538304053585,3793.246791294646,0.001737618960905905
2026-01-06 20:30:00+00:00,3794.34326171875,3794.922607421875,3793.634521484375,3793.634521484375,0,0.00011293527135824988,8.241266621288688,1.1176107661498713,0.8701564014691243,3790.347998046875,3782.55400390625,3790.0385304502106,3783.3882724623386,3792.913283575152,0.00173270634604277
2026-01-07 14:30:00+00:00,3790.857421875,3799.268310546875,3787.755126953125,3793.750244140625,0,-0.0009186938564359481,8.240347505174414,1.0100251988635627,0.845788219713004,3791.726904296875,3784.3309326171875,3790.311494258474,3784.746299628277,3794.24533807664,0.0017863815785136268
2026-01-07 15:30:00+00:00,3793.62744140625,3797.04736328125,3787.950927734375,3790.85107421875,0,0.0007307105551546123,8.24107794889059,1.095517974212383,0.8651523736704867,3793.13330078125,3786.5360107421875,3791.4168099743997,3786.3610526788175,3795.5829496837828,0.0017606610296396826
2026-01-07 16:30:00+00:00,3802.15966796875,3803.2763671875,3793.81787109375,3793.909912109375,0,0.0022490944865523055,8.243324517950045,1.358853203622799,0.9247979273903972,3794.980517578125,3789.8742919921874,3794.9977626391833,3789.233528186078,3796.5356677827413,0.0017642981244410261
2026-01-07 17:30:00+00:00,3793.525146484375,3802.24609375,3793.10693359375,3802.1171875,0,-0.0022709518374823823,8.241050983590844,1.0923607846415073,0.8644372687429183,3794.902587890625,3790.797900390625,3794.5068905875805,3790.0138224221314,3795.435360863098,0.0016137998682378735
2026-01-07 18:30:00+00:00,3791.01416015625,3798.3818359375,3789.990234375,3793.47119140625,0,-0.0006619137164418643,8.240388850712801,1.0148627065115392,0.8468839174779177,3794.236767578125,3792.2923828125,3793.342647110471,3790.1957020101527,3790.469238281253,0.0014217154218379513
2026-01-07 19:30:00+00:00,3783.856201171875,3793.5078125,3783.10546875,3790.9169921875,0,-0.0018881382875340913,8.238498927645209,0.7939423221952986,0.7968453461858829,3792.8365234375,3792.2817138671876,3790.1804984642727,3789.043065494102,3784.639613560271,0.001451233063910982
2026-01-07 20:30:00+00:00,3780.15625,3783.838623046875,3778.983154296875,3783.838623046875,0,-0.000977825523794773,8.237520623738162,0.679748508480212,0.7709803934954493,3790.14228515625,3791.63779296875,3786.839082309515,3787.4272808588103,3781.344435918902,0.0014583277141152601
2026-01-08 14:30:00+00:00,3780.613037109375,3781.8447265625,3768.12255859375,3781.320556640625,0,0.00012083815566477085,8.237641454593485,0.6938466031988478,0.7741736186016048,3785.832958984375,3790.40673828125,3784.7637339094686,3786.188327449822,3778.786609468009,0.0013164396332186238
2026-01-08 15:30:00+00:00,3777.339599609375,3781.642822265625,3774.41015625,3780.490234375,0,-0.0008658483340846512,8.236775231196217,0.5928165369308253,0.7512902609194327,3782.595849609375,3788.74921875,3782.289022476104,3784.5794678424677,3778.954089936759,0.0013089632751568253
2026-01-08 16:30:00+00:00,3778.843505859375,3782.3447265625,3774.393310546875,3777.251953125,0,0.00039813901036467314,8.237173290970276,0.6392324981637473,0.7618034980407167,3780.16171875,3787.1992431640624,3781.1405169371947,3783.536565663723,3778.6319289434555,0.0013252817790772933
2026-01-08 17:30:00+00:00,3780.4091796875,3785.91162109375,3776.781005859375,3778.8759765625,0,0.00041432618887160544,8.237587531349753,0.6875548292330216,0.7727485288294815,3779.472314453125,3786.1544189453125,3780.8967378539633,3782.9679500316824,3778.480526878723,0.001335260589879066
2026-01-08 18:30:00+00:00,3777.0322265625,3781.245361328125,3773.71875,3780.382080078125,0,-0.0008932771465969269,8.236693854993373,0.5833298981009146,0.7491415327480517,3778.847509765625,3784.4948974609374,3779.608567423476,3781.88872758274,3777.3431338355686,0.0012975557013948972
2026-01-08 19:30:00+00:00,3779.875,3780.241455078125,3775.216796875,3777.0703125,0,0.0007526473874137629,8.23744621928378,0.6710681209249642,0.7690142816182224,3778.69990234375,3782.2664306640627,3779.6973782823175,3781.522595294969,3780.3869280133963,0.001007053786216457
2026-01-08 20:30:00+00:00,3780.22265625,3782.37353515625,3778.627197265625,3779.831787109375,0,9.197559443108183e-05,8.237538190648715,0.6817980444307565,0.7714446143553495,3779.276513671875,3780.936181640625,3779.872470938212,3781.286242741338,3785.4010184151816,0.0008296809646085462
2026-01-09 14:30:00+00:00,3799.6220703125,3800.375244140625,3778.6005859375,3786.3125,0,0.00513181783893768,8.24265688558756,1.2805338041008845,0.9070585464425669,3783.4322265625,3781.79697265625,3786.4556707296415,3784.620029572458,3793.574393136164,0.0019091055557328791
2026-01-09 15:30:00+00:00,3798.4677734375,3801.71337890625,3790.16796875,3799.60791015625,0,-0.00030379254926926613,8.242353046883988,1.2449080468428886,0.8989892956131129,3787.0439453125,3783.2581298828127,3790.4597049655945,3787.1378011842835,3799.7320265997055,0.0017749625391666464
2026-01-09 16:30:00+00:00,3805.400634765625,3806.20703125,3796.40234375,3798.427490234375,0,0.0018251731333898125,8.244176556412832,1.4588811070914742,0.9474542947256346,3792.717626953125,3785.782568359375,3795.440014898938,3790.4583163808907,3804.328090122771,0.0017567299638837212
2026-01-09 17:30:00+00:00,3803.0986328125,3806.728759765625,3800.846923828125,3805.537109375,0,-0.0006049302488926322,8.243571443119812,1.3878330391588083,0.9313618738138487,3797.362353515625,3788.0311279296875,3797.9928875367923,3792.7565557320922,3805.4480445498543,0.0017963553074959848
2026-01-09 18:30:00+00:00,3807.6259765625,3808.410400390625,3803.091796875,3803.091796875,0,0.0011904355335248251,8.244761170646793,1.527563166610644,0.9630108136153268,3802.843017578125,3791.059765625,3801.2039172120285,3795.4600867921663,3807.382742745539,0.0017269503267723868
2026-01-09 19:30:00+00:00,3808.805908203125,3810.0283203125,3807.158935546875,3807.7666015625,0,0.00030988643524554327,8.245071009077154,1.5639801050260194,0.9712592673502556,3804.67978515625,3794.056005859375,3803.737914209061,3797.8865997759767,3805.8190336681578,0.0017294572516130262
2026-01-09 20:30:00+00:00,3804.009033203125,3809.372802734375,3804.009033203125,3808.7587890625,0,-0.0012594170235004087,8.243810798321537,1.4159312728337379,0.9377261369997711,3805.788037109375,3796.4159912109376,3803.828287207082,3798.9997694900035,3804.9090285528305,0.001847003982346122
2026-01-12 14:30:00+00:00,3800.532470703125,3802.187744140625,3787.761962890625,3790.719482421875,0,-0.0009139206741243244,8.242896459767287,1.308632037775814,0.9134228096284893,3804.814404296875,3798.766015625,3802.729681705763,3799.2784424378438,3803.1744094122055,0.0018488988610228338
2026-01-12 15:30:00+00:00,3804.671875,3806.7060546875,3797.356689453125,3800.401123046875,0,0.001089164302313872,8.243985031360497,1.4363889570459756,0.9423598121270906,3805.129052734375,3801.245703125,3803.3770794705088,3800.259066540054,3803.440929594497,0.0018545949168638355
2026-01-12 16:30:00+00:00,3805.85009765625,3807.672119140625,3803.960205078125,3804.646240234375,0,0.0003096778631535013,8.244294661283357,1.4727531500508588,0.9505963190016544,3804.773876953125,3803.808447265625,3804.2014188657563,3801.2756176520893,3806.015020461313,0.001848510929087106
2026-01-12 17:30:00+00:00,3808.93310546875,3809.220458984375,3803.588134765625,3805.91064453125,0,0.0008100707419871345,8.245104404095127,1.5679058705783493,0.9721484551002888,3804.79931640625,3804.73955078125,3805.778647733421,3802.667888164209,3808.65109979539,0.0010033847780994403
2026-01-12 18:30:00+00:00,3809.976806640625,3810.671630859375,3808.0419921875,3808.962158203125,0,0.00027401404618432323,8.245378380606319,1.6001182462716514,0.9794445733946837,3805.99287109375,3805.8904541015627,3807.1780340358227,3803.996782432648,3810.836239769348,0.0009847188172303566
2026-01-12 19:30:00+00:00,3809.887451171875,3813.746337890625,3809.15771484375,3810.0185546875,0,-2.3453021707142696e-05,8.245354927309585,1.5973604148087863,0.9788199232670252,3807.8638671875,3806.3391357421874,3808.081173081174,3805.0678131125073,3808.901018415182,0.0008283126074130625
2026-01-12 20:30:00+00:00,3809.216552734375,3811.9345703125,3808.798095703125,3809.86474609375,0,-0.0001760940306237968,8.245178817772587,1.5766540736613723,0.9741299272265564,3808.772802734375,3806.950927734375,3808.459632965574,3805.8221294073924,3804.625662667414,0.0007972353643721715
2026-01-13 14:30:00+00:00,3795.528076171875,3814.947509765625,3792.7275390625,3809.717041015625,0,-0.0035935149322697812,8.24157883065562,1.1541784057380808,0.8784389890908102,3806.7083984375,3805.7411376953123,3804.1491140343414,3803.950483364571,3802.4756556919674,0.0013527187900866727
2026-01-13 15:30:00+00:00,3799.567138671875,3803.8173828125,3794.989013671875,3795.510009765625,0,0.0010641635153108009,8.242642428350319,1.2788384159065003,0.9066745402165459,3804.835205078125,3804.8172607421875,3802.6217889135196,3803.1535116022624,3800.333240327384,0.0014113392693638166
2026-01-13 16:30:00+00:00,3805.31787109375,3808.53076171875,3798.868896484375,3799.637939453125,0,0.0015135230440710412,8.244154807172778,1.4563267222119352,0.9468757253450946,3803.90341796875,3804.94814453125,3803.5204829735967,3803.5470315098055,3799.785132998515,0.0014607580906243363
2026-01-13 17:30:00+00:00,3797.5361328125,3806.379150390625,3794.96630859375,3805.58447265625,0,-0.002044964059471188,8.242107749319329,1.2161542630661302,0.8924765500198006,3801.433154296875,3804.6485107421877,3801.5256995865648,3802.454140837568,3799.149669828872,0.0015812450528205288
2026-01-13 18:30:00+00:00,3797.765380859375,3800.985595703125,3793.8603515625,3797.388671875,0,6.0367574884701014e-05,8.242168115072165,1.2232296831306941,0.8940791360030609,3799.142919921875,3803.957861328125,3800.272260010835,3801.601639023351,3799.9563918340805,0.0015295092334212841
2026-01-13 19:30:00+00:00,3792.902099609375,3798.8857421875,3792.86669921875,3797.963623046875,0,-0.0012805639006850944,8.24088673054888,1.0731313149878683,0.8600817847926727,3798.617724609375,3802.6630615234376,3797.815539877015,3800.019904584446,3795.6014462425624,0.001555319946175421
2026-01-13 20:30:00+00:00,3802.73046875,3802.73046875,3789.498291015625,3792.7685546875,0,0.002591253051756226,8.243474632092935,1.3764701707271125,0.9287881787523382,3799.250390625,3802.0427978515627,3799.4538495013435,3800.5127344327284,3792.130859375003,0.0017864377228713297
2026-01-14 14:30:00+00:00,3776.456787109375,3790.74072265625,3771.004150390625,3787.422607421875,0,-0.006909162207665354,8.23654149111141,0.5655697648824086,0.7451188541936915,3793.478173828125,3798.6907958984375,3791.788162037354,3796.138925828482,3784.1789899553605,0.0027669341692426416
2026-01-14 15:30:00+00:00,3778.501220703125,3779.163818359375,3763.8017578125,3776.54296875,0,0.0005413628988761854,8.237082707526257,0.6286683459480725,0.7594107125790224,3789.67119140625,3795.5521728515623,3787.359181592611,3792.9320703511444,3776.0997953869078,0.0027920093256892163
2026-01-14 16:30:00+00:00,3767.123046875,3779.84130859375,3762.26708984375,3778.57373046875,0,-0.003011292881363037,8.234066871579861,0.27749693795126507,0.6798702229625491,3783.542724609375,3791.342822265625,3780.6138033534075,3788.239520628209,3768.7627883184555,0.0028620522941181117
2026-01-14 17:30:00+00:00,3769.686767578125,3769.686767578125,3762.358154296875,3767.19873046875,0,0.0006805513574215105,8.23474719146722,0.35662258874784214,0.6977922202045335,3778.899658203125,3788.75869140625,3776.9714580949803,3784.8662928009207,3770.110107421878,0.002767006147063566
2026-01-14 18:30:00+00:00,3772.169677734375,3773.04296875,3762.771240234375,3769.672607421875,0,0.0006586515828330697,8.235405626234298,0.43325413513401384,0.7151493016206771,3772.7875,3786.0189453125,3775.3708646414457,3782.557817334276,3770.2339564732174,0.0027414669573973772
2026-01-14 19:30:00+00:00,3777.694580078125,3779.96630859375,3768.452392578125,3772.24365234375,0,0.001464648416098946,8.236869203099074,0.6037725121958688,0.7537717944866955,3773.03505859375,3783.2566162109374,3776.145436453672,3781.673592378612,3778.3863932291697,0.0027370826251753144
2026-01-14 20:30:00+00:00,3783.462646484375,3784.4794921875,3775.340576171875,3777.8330078125,0,0.0015268747337775501,8.238394913344827,0.7817958076648651,0.7940941549132319,3774.02734375,3781.849267578125,3778.5845064639066,3781.998874943296,3789.0467587425624,0.0027784251057300048
2026-01-15 14:30:00+00:00,3804.65869140625,3808.421875,3800.191162109375,3806.293212890625,0,0.005602287349544932,8.243981566247859,1.4359820638793233,0.9422676506328429,3781.53447265625,3782.5385986328124,3787.275901444688,3786.118841572924,3799.371035621283,0.003364246277561687
2026-01-15 15:30:00+00:00,3810.166015625,3811.007568359375,3800.7236328125,3804.718505859375,0,0.00144752122738101,8.245428040826297,1.6059579167189753,0.9807672615065357,3789.630322265625,3784.264990234375,3794.905939504792,3790.4910550369373,3807.8687453497055,0.0033426078128955304
2026-01-15 16:30:00+00:00,3808.0048828125,3812.764892578125,3807.938720703125,3809.83154296875,0,-0.0005672017449206423,8.244860678161615,1.539257577622575,0.965659603227703,3796.79736328125,3784.792431640625,3799.272253940695,3793.675387359767,3811.8769763764913,0.0032671419540776223
2026-01-15 17:30:00+00:00,3810.175048828125,3810.60009765625,3804.929443359375,3808.016845703125,0,0.0005698958069670912,8.245430411639639,1.6062367138887184,0.9808304091970363,3803.29345703125,3788.1642578125,3802.906518903172,3796.675325808559,3807.448974609378,0.0021322190565204163
2026-01-15 18:30:00+00:00,3803.7119140625,3811.79931640625,3803.22900390625,3810.22265625,0,-0.0016962828958770881,8.24373268842691,1.406761106466779,0.93564908999058,3807.343310546875,3790.6853271484374,3803.1749839562817,3797.9547054910936,3802.210042317711,0.002284969730913942
2026-01-15 19:30:00+00:00,3793.42529296875,3803.568359375,3791.371826171875,3803.4833984375,0,-0.0027043638756446553,8.241024661153013,1.0892789456570489,0.8637392307587284,3805.096630859375,3793.3155517578125,3799.925086960438,3797.131175941576,3796.7053687686043,0.0022314984589139517
2026-01-15 20:30:00+00:00,3793.277099609375,3795.4599609375,3791.329833984375,3793.4658203125,0,-3.906584364521404e-05,8.240985594546277,1.084705165061532,0.8627032672956432,3801.71884765625,3795.6745849609374,3797.7090911767505,3796.4304347902666,3793.2708914620566,0.0022437027101687964
2026-01-16 14:30:00+00:00,3792.34423828125,3805.41162109375,3791.22607421875,3801.138671875,0,-0.0002459249096832261,8.240739639392105,1.055913705991565,0.8561819882306381,3798.58671875,3797.692041015625,3795.9208068782505,3795.6874899704453,3793.417445591521,0.002260425576782744
2026-01-16 15:30:00+00:00,3798.3232421875,3798.471435546875,3783.491943359375,3792.372802734375,0,0.0015765984126376864,8.242314996278221,1.2404472921269973,0.8979789325650955,3796.216357421875,3799.7549072265624,3796.7216186480005,3796.1667176462734,3796.6539713541697,0.0022658075351190124
2026-01-16 16:30:00+00:00,3797.311767578125,3802.273193359375,3796.318359375,3798.421630859375,0,-0.0002662950320132529,8.24204866578339,1.2092295441744005,0.8909080979232975,3794.936328125,3801.1398193359373,3796.918334958042,3796.3749085429736,3797.6795363653305,0.002250551140445374
2026-01-16 17:30:00+00:00,3799.516357421875,3800.221435546875,3793.89599609375,3797.281005859375,0,0.0005805659315554212,8.242629063251744,1.2772711237090248,0.9063195477942685,3796.154541015625,3800.6255859375,3797.7843424459866,3796.94608106641,3797.908377511164,0.0013210951573678483
2026-01-16 18:30:00+00:00,3793.99755859375,3802.4111328125,3793.595458984375,3799.481689453125,0,-0.0014525003471415054,8.241175507003385,1.1069411231132127,0.8677397222867,3796.2986328125,3799.008740234375,3796.522081161908,3796.409986071381,3799.6494373139913,0.001251719363193712
2026-01-16 19:30:00+00:00,3794.71044921875,3798.757568359375,3793.923583984375,3794.03515625,0,0.00018789960035303643,8.241363388952818,1.1289434943470005,0.8727232697532834,3796.771875,3797.679296875,3795.918203847522,3796.100979370902,3791.8460170200924,0.0012648583450169187
2026-01-16 20:30:00+00:00,3791.403564453125,3795.94580078125,3791.403564453125,3794.692626953125,0,-0.0008714458744292219,8.240491563148693,1.0268811250450638,0.8496060949468216,3795.387939453125,3795.8021484375,3794.4133240493898,3795.246903931306,3778.9344656808066,0.0012301664374058635
2026-01-20 14:30:00+00:00,3750.1025390625,3750.41259765625,3734.356689453125,3747.94677734375,0,-0.010893334009032696,8.229538462340622,-0.2478172103140589,0.5608863205035455,3785.94609375,3790.4412109375,3779.6430623870933,3787.0388375915227,3764.9007742745566,0.0035257586924081897
2026-01-20 15:30:00+00:00,3750.42333984375,3755.294677734375,3743.8857421875,3750.073486328125,0,8.554453589160183e-05,8.22962400321779,-0.23791614325885443,0.5631289168635085,3776.127490234375,3786.141015625,3769.9031548726457,3780.381474364655,3750.098377046134,0.0035225816704296574
2026-01-20 16:30:00+00:00,3742.654541015625,3752.55908203125,3741.807861328125,3750.432373046875,0,-0.002071445840684416,8.227550408965778,-0.47768924429664883,0.5088201963381174,3765.85888671875,3781.078759765625,3760.8202835869724,3773.5220319375585,3737.1988699776816,0.0035110133372424053
2026-01-20 17:30:00+00:00,3731.431396484375,3742.6962890625,3731.261962890625,3742.6962890625,0,-0.002998712386691249,8.224547191432418,-0.8240758900559716,0.4303634576261963,3753.203076171875,3774.9874755859373,3751.0239878861066,3765.8691891278886,3731.1291503906277,0.0035238521436315364
2026-01-20 18:30:00+00:00,3718.261962890625,3731.523193359375,3717.290283203125,3731.3955078125,0,-0.0035293248607378702,8.221011623811881,-1.2305320233069916,0.33830095165276575,3738.574755859375,3766.98134765625,3740.103312887613,3757.213329812022,3718.4159574962828,0.003377318852728438
2026-01-20 19:30:00+00:00,3715.41015625,3720.086181640625,3713.211181640625,3718.44091796875,0,-0.0007669730290891241,8.220244356508502,-1.3185490433007843,0.31836505509209445,3731.636279296875,3758.7911865234373,3731.8722606750753,3749.612752800745,3716.5284249441993,0.003350340396631846
2026-01-20 20:30:00+00:00,3714.551025390625,3716.6220703125,3711.378662109375,3715.242431640625,0,-0.0002312344595198912,8.220013095310172,-1.345064914660955,0.3123591977171287,3724.46181640625,3750.2946533203126,3726.0985155802587,3743.237893271632,3726.9188871837828,0.003285413849936769
2026-01-21 14:30:00+00:00,3746.458984375,3748.59521484375,3725.9697265625,3725.9697265625,0,0.008589990759655608,8.22856640202657,-0.36027042548291105,0.53541561420516,3725.222705078125,3745.5407958984374,3732.885338511839,3743.823546199517,3736.335425967265,0.00476110555489085
2026-01-21 15:30:00+00:00,3753.007080078125,3758.353271484375,3746.456298828125,3746.456298828125,0,0.0017478092594727102,8.230312685644865,-0.15817261765365728,0.5811908630411935,3729.537841796875,3741.370458984375,3739.5925857006014,3745.493279631991,3739.441173735122,0.0048383744669030955
2026-01-21 16:30:00+00:00,3729.35986328125,3752.75048828125,3720.375,3752.75048828125,0,-0.0063008718854808965,8.223991879486476,-0.888010862630865,0.41588215616936,3731.757421875,3735.1660888671877,3736.1816782274846,3742.5599312045833,3741.671107700896,0.005107770489019862
2026-01-21 17:30:00+00:00,3732.65185546875,3734.60205078125,3723.21337890625,3729.086181640625,0,0.0008827231235881694,8.22487421323913,-0.7864081319060726,0.4388952226212126,3735.20576171875,3733.4210205078125,3735.00507064124,3740.758462888977,3740.7994442894374,0.003966557378700918
2026-01-21 18:30:00+00:00,3754.2431640625,3755.78271484375,3728.8662109375,3732.678955078125,0,0.005784442115092103,8.230641989705699,-0.12002261575068902,0.5898318564738361,3743.144189453125,3733.8030029296874,3741.4177684483266,3743.2102267387086,3744.2963053385447,0.0044352293913003885
2026-01-21 19:30:00+00:00,3758.69189453125,3776.317138671875,3754.09326171875,3754.09326171875,0,0.001184987299526874,8.231826275461934,0.017281222818516524,0.6209312406985177,3745.590771484375,3735.40673828125,3747.175810475968,3746.0250754282615,3756.445021856402,0.004376371198259172
2026-01-21 20:30:00+00:00,3757.785888671875,3762.455322265625,3755.355712890625,3758.64306640625,0,-0.00024104286405945974,8.231585203542375,-0.010681379800862346,0.6145976980106802,3746.546533203125,3738.0421875,3750.712503207937,3748.163405108918,3766.286830357146,0.00421996213003935
2026-01-22 14:30:00+00:00,3776.482666015625,3788.802978515625,3768.46728515625,3783.86865234375,0,0.004975477022284069,8.236548343782854,0.5663684810984296,0.7452997637935042,3755.97109375,3743.8642578125,3759.3025574771664,3753.31236163741,3772.927455357146,0.004126164453611039
2026-01-22 15:30:00+00:00,3783.177978515625,3784.703369140625,3774.873291015625,3776.43701171875,0,0.001772896393845702,8.238319670450922,0.7730099292886334,0.792104149315275,3766.076318359375,3750.6410400390623,3767.2610311566527,3758.7424737970855,3780.609444754467,0.004044195705555237
2026-01-22 16:30:00+00:00,3785.242431640625,3786.86962890625,3781.216552734375,3783.24267578125,0,0.000545692837271794,8.238865214452,0.8367263851629174,0.8065359566363135,3772.276171875,3757.7101806640626,3773.254831317977,3763.5606479504563,3787.6983235677117,0.0040077843075493665
2026-01-22 17:30:00+00:00,3786.5009765625,3789.9794921875,3785.423583984375,3785.423583984375,0,0.0003324872698653447,8.239197646460221,0.8755696124609228,0.8153339659480352,3777.83798828125,3761.7143798828124,3777.6702130661515,3767.7316167890094,3786.121826171878,0.0032548746984872954
2026-01-22 18:30:00+00:00,3787.637451171875,3789.02734375,3783.51953125,3786.459228515625,0,0.00030013846989862536,8.23949773989758,0.9106453104380742,0.8232786280908257,3783.80830078125,3765.1774169921873,3780.9926257680595,3771.350859404076,3783.159168061759,0.003253495750332575
2026-01-22 19:30:00+00:00,3774.947265625,3787.87744140625,3774.947265625,3787.640380859375,0,-0.003350422449474033,8.23614169221469,0.5189804973007273,0.7345663631026369,3783.501220703125,3769.7361572265627,3778.9775057203733,3772.0047514442435,3779.9615652901816,0.002592088848980755
2026-01-22 20:30:00+00:00,3777.819091796875,3778.480712890625,3771.62548828125,3774.63330078125,0,0.0007607592821299303,8.23690216226616,0.60761539210314,0.7546422085990088,3782.429443359375,3774.252880859375,3778.591367745874,3773.0619042356307,3778.153448195688,0.00259413167619627
2026-01-23 14:30:00+00:00,3779.31884765625,3781.41748046875,3768.916015625,3778.82861328125,0,0.00039698985656344554,8.237299073343099,0.653903257339153,0.7651264319165527,3781.2447265625,3776.76044921875,3778.833861049333,3774.1995303121066,3779.316662016372,0.00203746597584375
2026-01-23 15:30:00+00:00,3782.575927734375,3787.07080078125,3778.865234375,3779.201416015625,0,0.0008618166948641814,8.238160518887183,0.7544284746781812,0.787895441078085,3780.459716796875,3779.1488525390623,3780.081216611014,3775.7225116616096,3781.218738374259,0.0020309035179163605
2026-01-23 16:30:00+00:00,3783.373046875,3785.06787109375,3778.71923828125,3782.517333984375,0,0.0002107344719191051,8.238371231157712,0.7790304411433582,0.7934677980912355,3779.6068359375,3781.707568359375,3781.1784933656763,3777.113518064044,3781.193801153277,0.0020141948687727703
2026-01-23 17:30:00+00:00,3775.819091796875,3783.395751953125,3769.99951171875,3783.325927734375,0,-0.0019966191503014707,8.23637261610625,0.5458881917102669,0.7406609685831711,3779.781201171875,3781.6412109375,3779.392026176076,3776.8781678336495,3779.494710286461,0.0015045909215676797
2026-01-23 18:30:00+00:00,3779.8046875,3782.1005859375,3773.478515625,3775.849365234375,0,0.001055557908424154,8.23742761730515,0.6688980240361522,0.768522753648913,3780.1783203125,3781.3038818359373,3779.5295799507176,3777.4102623184403,3775.8980538504497,0.0014247799173286138
2026-01-23 19:30:00+00:00,3775.322021484375,3780.822021484375,3774.085205078125,3779.63330078125,0,-0.0011859517584200674,8.236240961749441,0.5305468123157492,0.7371861389112659,3779.378955078125,3780.3118408203127,3778.127060461937,3777.030582166792,3777.2970958891397,0.0014442629916130202
2026-01-23 20:30:00+00:00,3777.733642578125,3779.415771484375,3773.782470703125,3775.24951171875,0,0.0006387855340619364,8.236879543346868,0.6049781215785421,0.7540448655807559,3778.410498046875,3779.435107421875,3777.995921167333,3777.158411332489,3783.1518787202413,0.001461405014596604
2026-01-26 14:30:00+00:00,3794.894287109375,3799.30810546875,3779.719482421875,3782.449462890625,0,0.004542576622617256,8.241411833607593,1.1346173935042065,0.874008410589699,3780.71474609375,3780.160791015625,3783.6287098146804,3780.3831160191953,3789.420828683039,0.0021062056793812673
2026-01-26 15:30:00+00:00,3797.319580078125,3798.548583984375,3792.67431640625,3795.083984375,0,0.0006390936835811711,8.242050723157774,1.2094706660509351,0.8909627121421089,3785.01484375,3782.3980224609377,3788.1923332358288,3783.4624731208187,3796.6811988467293,0.0016987930862626618
2026-01-26 16:30:00+00:00,3799.4892578125,3800.240966796875,3795.67529296875,3797.263671875,0,0.0005713708547887553,8.242621930842388,1.2764347321997953,0.9061301047227666,3788.9517578125,3784.5650390625,3791.957974761386,3786.3764339738514,3800.8505510602713,0.0016977626584477473
2026-01-26 17:30:00+00:00,3800.783203125,3801.057373046875,3796.1953125,3799.413330078125,0,0.0003405576972850266,8.242962430563063,1.3163705430008483,0.9151755847134808,3794.043994140625,3786.711474609375,3794.8997175492577,3788.995846546787,3800.9228050595266,0.001698507938150551
2026-01-26 18:30:00+00:00,3801.06982421875,3802.444091796875,3798.53271484375,3800.710693359375,0,7.541106093977845e-05,8.243037838780731,1.3252167018462138,0.9171792438661406,3798.71123046875,3788.5608642578127,3796.956419772422,3791.1911152144166,3799.494873046878,0.0017015845044464708
2026-01-26 19:30:00+00:00,3799.802490234375,3801.946533203125,3799.106689453125,3801.084228515625,0,-0.0003334150760135879,8.242704368109553,1.2861022124371069,0.9083197935582561,3799.69287109375,3790.20380859375,3797.9051099264066,3792.7568197634996,3798.7461402529793,0.0017200774691479928
2026-01-26 20:30:00+00:00,3795.517822265625,3801.24853515625,3794.7685546875,3799.843017578125,0,-0.0011276028108728742,8.241576129076314,1.1538619332751292,0.8783673079286203,3799.33251953125,3792.173681640625,3797.109347372813,3793.258820218431,3801.0155552455385,0.0016014539563901022
2026-01-27 14:30:00+00:00,3805.996337890625,3809.495849609375,3799.5302734375,3807.649169921875,0,0.00276076048530971,8.244333085661891,1.477266650177242,0.9516186289100368,3800.633935546875,3794.7928466796875,3800.071677545417,3795.574732522466,3804.90500604539,0.00174864135053741
2026-01-27 15:30:00+00:00,3812.917236328125,3814.10107421875,3805.6845703125,3805.841064453125,0,0.0018184196260513374,8.246149853964537,1.690870492552384,1.0,3803.0607421875,3798.5523681640625,3804.3535304729867,3798.7279150325858,3808.877255394348,0.001645136252981815
2026-01-27 16:30:00+00:00,3811.242919921875,3814.48193359375,3807.87646484375,3812.87451171875,0,-0.0004391169024855479,8.245710640621992,1.6391950603875498,0.9882954902308825,3805.095361328125,3801.9032958984376,3806.6499936226164,3801.003370467002,3812.324300130211,0.0017051129561901654
2026-01-27 17:30:00+00:00,3810.2880859375,3811.4287109375,3805.747802734375,3811.185546875,0,-0.0002505308647171578,8.245460078369176,1.6097254460398294,0.9816206086754704,3807.19248046875,3803.44267578125,3807.862691060911,3802.6915005525466,3812.342971075152,0.0011440184103321894
2026-01-27 18:30:00+00:00,3812.623291015625,3812.940185546875,3810.075927734375,3810.346435546875,0,0.0006128683777857358,8.246072759019833,1.6817982819477675,0.9979451400172046,3810.61357421875,3804.973046875,3809.4495577124826,3804.4972806367423,3812.254359654019,0.0011434533315554248
2026-01-27 19:30:00+00:00,3811.97265625,3814.097900390625,3811.662109375,3812.66748046875,0,-0.00017065278050365507,8.245902091676488,1.6617173506676155,0.9933967996067778,3811.808837890625,3806.22138671875,3810.290590558322,3805.8564398391527,3811.3074602399565,0.0011553185687922483
2026-01-27 20:30:00+00:00,3809.34423828125,3812.5009765625,3809.1181640625,3811.963623046875,0,-0.0006895164802508402,8.24521233737042,1.5805949093309857,0.9750225283652618,3811.09423828125,3807.077490234375,3809.975139799298,3806.490585010443,3809.5022728329623,0.001199226872432428
